32,/p170/m32,[כִּסְעִיף הֲדַס תִּטֶּה צְבִיָּה],משה אבן עזרא,,https://wikidata.org/wiki/Q719393,,,Translation missing: he.poetry,
99,/p161/m99,[מי יתנני כפר לעפר ישקני],יהודה הלוי,,https://wikidata.org/wiki/Q299200,,,Translation missing: he.poetry,
123,/p49/m123,עברה מדבש,שמואל הנגיד,,https://wikidata.org/wiki/Q467161,,,Translation missing: he.poetry,"מתוך ""כל שירי רבי שמואל הנגיד"", תל אביב: מחברות לספרות בסיוע מוסד הרב קוק, תש""ז–תשי""ג"
124,/p49/m124,ואומר היש סמן,שמואל הנגיד,,https://wikidata.org/wiki/Q467161,,,Translation missing: he.poetry,"מתוך ""כל שירי רבי שמואל הנגיד"", תל אביב: מחברות לספרות בסיוע מוסד הרב קוק, תש""ז–תשי""ג"
126,/p86/m126,ספר תחכמוני – שַׁעַר תְּשִׁיעִי,יהודה אלחריזי,,https://wikidata.org/wiki/Q1350978,,,Translation missing: he.poetry,
133,/p180/m133,[הֲגָנַבְתָּ וְכִחַשְׁתָּ],שלמה אבן גבירול,,https://wikidata.org/wiki/Q239355,,,Translation missing: he.poetry,
137,/p49/m137,אם תבך,שמואל הנגיד,,https://wikidata.org/wiki/Q467161,,,Translation missing: he.poetry,"מתוך ""כל שירי רבי שמואל הנגיד"", תל אביב: מחברות לספרות בסיוע מוסד הרב קוק, תש""ז–תשי""ג"
142,/p170/m142,עלי מה זה צביה,משה אבן עזרא,,https://wikidata.org/wiki/Q719393,,,Translation missing: he.poetry,
144,/p20/m144,עָבַר עֲלֵי נְוַת אֵל נַחֲלָה,אברהם אבן עזרא,,https://wikidata.org/wiki/Q270670,,,Translation missing: he.poetry,
150,/p161/m150,רב לכם מוכיחי בריב,יהודה הלוי,,https://wikidata.org/wiki/Q299200,,,Translation missing: he.poetry,
152,/p49/m152,[אדם יפה],שמואל הנגיד,,https://wikidata.org/wiki/Q467161,,,Translation missing: he.poetry,"מתוך ""כל שירי רבי שמואל הנגיד"", תל אביב: מחברות לספרות בסיוע מוסד הרב קוק, תש""ז–תשי""ג"
155,/p20/m155,[אחרה עת פדותי],אברהם אבן עזרא,,https://wikidata.org/wiki/Q270670,,,Translation missing: he.poetry,
157,/p170/m157,מַה-נָּאווּ עַל הָרִים רַגְלֵי מְבַשֵּׂר,משה אבן עזרא,,https://wikidata.org/wiki/Q719393,,,Translation missing: he.poetry,
161,/p170/m161,יְנֻחָמוּ יְרֻחָמוּ,משה אבן עזרא,,https://wikidata.org/wiki/Q719393,,,Translation missing: he.poetry,
166,/p146/m166,אחלי תביט בעינך,שלום שבזי,,,,,Translation missing: he.poetry,
167,/p167/m167,לישרים תהילה,משה חיים לוצטו,,https://wikidata.org/wiki/Q982845,,,Translation missing: he.drama,
182,/p180/m182,[אמר לאשר לבבו רם],שלמה אבן גבירול,,https://wikidata.org/wiki/Q239355,,,Translation missing: he.poetry,
187,/p49/m187,[אֲשַׁלַּח בְּכַנְפֵי],שמואל הנגיד,,https://wikidata.org/wiki/Q467161,,,Translation missing: he.poetry,"מתוך ""כל שירי רבי שמואל הנגיד"", תל אביב: מחברות לספרות בסיוע מוסד הרב קוק, תש""ז–תשי""ג"
190,/p49/m190,שירה בפי,שמואל הנגיד,,https://wikidata.org/wiki/Q467161,,,Translation missing: he.poetry,"מתוך ""כל שירי רבי שמואל הנגיד"", תל אביב: מחברות לספרות בסיוע מוסד הרב קוק, תש""ז–תשי""ג"
216,/p20/m216,אנכי לא יהיה לך אלוהים,אברהם אבן עזרא,,https://wikidata.org/wiki/Q270670,,,Translation missing: he.poetry,
221,/p49/m221,[חֲבֵרַי שֶׁעֲזַבְתִּים עַל שְׁלשׁה],שמואל הנגיד,,https://wikidata.org/wiki/Q467161,,,Translation missing: he.poetry,"מתוך ""כל שירי רבי שמואל הנגיד"", תל אביב: מחברות לספרות בסיוע מוסד הרב קוק, תש""ז–תשי""ג"
223,/p49/m223,גְּבָרִים בַּחֲמִשָּׁה,שמואל הנגיד,,https://wikidata.org/wiki/Q467161,,,Translation missing: he.poetry,"מתוך ""כל שירי רבי שמואל הנגיד"", תל אביב: מחברות לספרות בסיוע מוסד הרב קוק, תש""ז–תשי""ג"
225,/p49/m225,[אֲנָשִׁים לְתַגְמוּלִים],שמואל הנגיד,,https://wikidata.org/wiki/Q467161,,,Translation missing: he.poetry,"מתוך ""כל שירי רבי שמואל הנגיד"", תל אביב: מחברות לספרות בסיוע מוסד הרב קוק, תש""ז–תשי""ג"
232,/p49/m232,זֹהַר לְרָקִיעַ,שמואל הנגיד,,https://wikidata.org/wiki/Q467161,,,Translation missing: he.poetry,"מתוך ""כל שירי רבי שמואל הנגיד"", תל אביב: מחברות לספרות בסיוע מוסד הרב קוק, תש""ז–תשי""ג"
234,/p49/m234,[אִם יִמְנְעוּ],שמואל הנגיד,,https://wikidata.org/wiki/Q467161,,,Translation missing: he.poetry,"מתוך ""כל שירי רבי שמואל הנגיד"", תל אביב: מחברות לספרות בסיוע מוסד הרב קוק, תש""ז–תשי""ג"
236,/p49/m236,חכם חשוב,שמואל הנגיד,,https://wikidata.org/wiki/Q467161,,,Translation missing: he.poetry,"מתוך ""כל שירי רבי שמואל הנגיד"", תל אביב: מחברות לספרות בסיוע מוסד הרב קוק, תש""ז–תשי""ג"
237,/p49/m237,חכם ומשתמר,שמואל הנגיד,,https://wikidata.org/wiki/Q467161,,,Translation missing: he.poetry,"מתוך ""כל שירי רבי שמואל הנגיד"", תל אביב: מחברות לספרות בסיוע מוסד הרב קוק, תש""ז–תשי""ג"
239,/p100/m239,מענה רך ולשון רכה,יוסף יושעה ריבלין,,https://wikidata.org/wiki/Q12408033,,,Translation missing: he.article,
240,/p161/m240,[מה יפית יפת העין],יהודה הלוי,,https://wikidata.org/wiki/Q299200,,,Translation missing: he.poetry,
244,/p180/m244,[שש נגזרו],שלמה אבן גבירול,,https://wikidata.org/wiki/Q239355,,,Translation missing: he.poetry,
259,/p20/m259,[אֶת פְּלִיאוֹת שֵׁם מְחוֹלֵל],אברהם אבן עזרא,,https://wikidata.org/wiki/Q270670,,,Translation missing: he.poetry,
262,/p170/m262,[חפצי שללו ימים],משה אבן עזרא,,https://wikidata.org/wiki/Q719393,,,Translation missing: he.poetry,
267,/p100/m267,"""בית יעקב"" ו""מאה שערים""",יוסף יושעה ריבלין,,https://wikidata.org/wiki/Q12408033,,,Translation missing: he.article,
269,/p170/m269,אם רב עוני,משה אבן עזרא,,https://wikidata.org/wiki/Q719393,,,Translation missing: he.poetry,
270,/p170/m270,[אֶרְאֶה יְמֵי הַקֹּר וְהַחֹם],משה אבן עזרא,,https://wikidata.org/wiki/Q719393,,,Translation missing: he.poetry,
276,/p20/m276,[ארוממך כי נשגב],אברהם אבן עזרא,,https://wikidata.org/wiki/Q270670,,,Translation missing: he.poetry,
278,/p170/m278,באו שתו עמי במל קורה,משה אבן עזרא,,https://wikidata.org/wiki/Q719393,,,Translation missing: he.poetry,
285,/p146/m285,שור קוני דלות גברת,שלום שבזי,,,,,Translation missing: he.poetry,
286,/p167/m286,קינה על מות ר' מנחם רפאל קראקוביא מויניציאה,משה חיים לוצטו,,https://wikidata.org/wiki/Q982845,,,Translation missing: he.poetry,
287,/p180/m287,[הנשית מידעי],שלמה אבן גבירול,,https://wikidata.org/wiki/Q239355,,,Translation missing: he.poetry,
307,/p49/m307,חשב אשר,שמואל הנגיד,,https://wikidata.org/wiki/Q467161,,,Translation missing: he.poetry,"מתוך ""כל שירי רבי שמואל הנגיד"", תל אביב: מחברות לספרות בסיוע מוסד הרב קוק, תש""ז–תשי""ג"
308,/p49/m308,חֲשוּךְ חֶבְרָה,שמואל הנגיד,,https://wikidata.org/wiki/Q467161,,,Translation missing: he.poetry,"מתוך ""כל שירי רבי שמואל הנגיד"", תל אביב: מחברות לספרות בסיוע מוסד הרב קוק, תש""ז–תשי""ג"
309,/p49/m309,זָרַע בְּלִי,שמואל הנגיד,,https://wikidata.org/wiki/Q467161,,,Translation missing: he.poetry,"מתוך ""כל שירי רבי שמואל הנגיד"", תל אביב: מחברות לספרות בסיוע מוסד הרב קוק, תש""ז–תשי""ג"
310,/p49/m310,[חוּס עַל],שמואל הנגיד,,https://wikidata.org/wiki/Q467161,,,Translation missing: he.poetry,"מתוך ""כל שירי רבי שמואל הנגיד"", תל אביב: מחברות לספרות בסיוע מוסד הרב קוק, תש""ז–תשי""ג"
314,/p161/m314,[שובי נפשי למנוחיכי],יהודה הלוי,,https://wikidata.org/wiki/Q299200,,,Translation missing: he.poetry,
316,/p180/m316,[לכה רעי],שלמה אבן גבירול,,https://wikidata.org/wiki/Q239355,,,Translation missing: he.poetry,
318,/p203/m318,מעשה יונה הנביא – רהיט ליום הכיפורים,יצחק אבן גיאת,,https://wikidata.org/wiki/Q2909247,,,Translation missing: he.poetry,
319,/p204/m319,[תלונה על הזמן -- אל משה אבן-עזרא],יוסף אבן סהל,,https://wikidata.org/wiki/Q25489583,,,Translation missing: he.poetry,
320,/p202/m320,קדושה,יוסף אבן אביתור,,https://wikidata.org/wiki/Q551536,,,Translation missing: he.poetry,השירה העברית בספרד ובפרובאנס / חיים שירמן. ירושלים : מוסד ביאליק
321,/p197/m321,תשובה על הזמנה למשתה יין,דונש בן לברט,,https://wikidata.org/wiki/Q720129,,,Translation missing: he.poetry,מוסד ביאליק ודביר 
322,/p202/m322,פזמון,יוסף אבן אביתור,,https://wikidata.org/wiki/Q551536,,,Translation missing: he.poetry,השירה העברית בספרד ובפרובאנס / חיים שירמן. ירושלים : מוסד ביאליק
323,/p201/m323,[תאווה לנה],יוסף אבן צדיק,,https://wikidata.org/wiki/Q958426,,,Translation missing: he.poetry,
324,/p201/m324,מוחרך,יוסף אבן צדיק,,https://wikidata.org/wiki/Q958426,,,Translation missing: he.poetry,
325,/p201/m325,רשות,יוסף אבן צדיק,,https://wikidata.org/wiki/Q958426,,,Translation missing: he.poetry,
327,/p197/m327,זמר לשבת,דונש בן לברט,,https://wikidata.org/wiki/Q720129,,,Translation missing: he.poetry,
328,/p201/m328,[דברי ברכה ליהודה הלוי],יוסף אבן צדיק,,https://wikidata.org/wiki/Q958426,,,Translation missing: he.poetry,
329,/p202/m329,קינה על הפרעות בארץ-ישראל,יוסף אבן אביתור,,https://wikidata.org/wiki/Q551536,,,Translation missing: he.poetry,השירה העברית בספרד ובפרובאנס / חיים שירמן. ירושלים : מוסד ביאליק
331,/p208/m331,בקשה,יצחק אבן מר שאול,,,,,Translation missing: he.poetry,
333,/p203/m333,מאורה,יצחק אבן גיאת,,https://wikidata.org/wiki/Q2909247,,,Translation missing: he.poetry,
334,/p203/m334,גמר לשמע ישראל,יצחק אבן גיאת,,https://wikidata.org/wiki/Q2909247,,,Translation missing: he.poetry,
335,/p203/m335,תוכחה,יצחק אבן גיאת,,https://wikidata.org/wiki/Q2909247,,,Translation missing: he.poetry,
336,/p203/m336,רשות לקדיש,יצחק אבן גיאת,,https://wikidata.org/wiki/Q2909247,,,Translation missing: he.poetry,
337,/p203/m337,מחרך,יצחק אבן גיאת,,https://wikidata.org/wiki/Q2909247,,,Translation missing: he.poetry,
338,/p206/m338,שיר-פולמוס,יצחק אבן עזרא,,https://wikidata.org/wiki/Q16340145,,,Translation missing: he.poetry,
339,/p203/m339,אהבה [בעלת אוב וקסם],יצחק אבן גיאת,,https://wikidata.org/wiki/Q2909247,,,Translation missing: he.poetry,
340,/p206/m340,המשורר מודה שהמיר את דתו,יצחק אבן עזרא,,https://wikidata.org/wiki/Q16340145,,,Translation missing: he.poetry,
341,/p203/m341,סילוק (קטע),יצחק אבן גיאת,,https://wikidata.org/wiki/Q2909247,,,Translation missing: he.poetry,
342,/p203/m342,גאולה,יצחק אבן גיאת,,https://wikidata.org/wiki/Q2909247,,,Translation missing: he.poetry,
343,/p203/m343,אהבה [יושב במעמק מצולה],יצחק אבן גיאת,,https://wikidata.org/wiki/Q2909247,,,Translation missing: he.poetry,
344,/p203/m344,אופן,יצחק אבן גיאת,,https://wikidata.org/wiki/Q2909247,,,Translation missing: he.poetry,
345,/p203/m345,סליחה,יצחק אבן גיאת,,https://wikidata.org/wiki/Q2909247,,,Translation missing: he.poetry,
346,/p206/m346,שיר יין –  לכבוד השר יצחק,יצחק אבן עזרא,,https://wikidata.org/wiki/Q16340145,,,Translation missing: he.poetry,
347,/p203/m347,רשות (?),יצחק אבן גיאת,,https://wikidata.org/wiki/Q2909247,,,Translation missing: he.poetry,
348,/p203/m348,אהבה [שדי שובבה חולת אהבה],יצחק אבן גיאת,,https://wikidata.org/wiki/Q2909247,,,Translation missing: he.poetry,
349,/p203/m349,קינה לתשעה באב,יצחק אבן גיאת,,https://wikidata.org/wiki/Q2909247,,,Translation missing: he.poetry,
350,/p201/m350,[אין די לחילי],יוסף אבן צדיק,,https://wikidata.org/wiki/Q958426,,,Translation missing: he.poetry,
351,/p200/m351,"מכתמים מתוך ""שקל הקודש""",יוסף קמחי,,https://wikidata.org/wiki/Q1371519,,,Translation missing: he.poetry,
352,/p197/m352,שיר תהילה לחסדאי אבן-שפרוט,דונש בן לברט,,https://wikidata.org/wiki/Q720129,,,Translation missing: he.poetry,מוסד ביאליק ודביר 
353,/p201/m353,[המנגן],יוסף אבן צדיק,,https://wikidata.org/wiki/Q958426,,,Translation missing: he.poetry,
354,/p202/m354,סליחה,יוסף אבן אביתור,,https://wikidata.org/wiki/Q551536,,,Translation missing: he.poetry, השירה העברית בספרד ובפרובאנס / חיים שירמן. ירושלים : מוסד ביאליק
364,/p205/m364,מוחרך,אבון,,https://wikidata.org/wiki/Q30527820,,,Translation missing: he.poetry,
422,/p20/m422,אמור מה שם צבי,אברהם אבן עזרא,,https://wikidata.org/wiki/Q270670,,,Translation missing: he.poetry,
423,/p20/m423,בָּאתִי בְיוֹם צוֹם,אברהם אבן עזרא,,https://wikidata.org/wiki/Q270670,,,Translation missing: he.poetry,
424,/p170/m424,[כֹּחַ לֹא עָצַרְתִּי],משה אבן עזרא,,https://wikidata.org/wiki/Q719393,,,Translation missing: he.poetry,
426,/p170/m426,תם אהל צדק,משה אבן עזרא,,https://wikidata.org/wiki/Q719393,,,Translation missing: he.poetry,
427,/p170/m427,מחשב תבונתי,משה אבן עזרא,,https://wikidata.org/wiki/Q719393,,,Translation missing: he.poetry,
446,/p92/m446,מעשה אלפס: אהבה־לבבית טהורה,בן ציון אלפס,,https://wikidata.org/wiki/Q12404613,,,Translation missing: he.prose,"ירושלים: א. ל. כהנא, תרצ״ד"
468,/p49/m468,זדים אשר מנעו,שמואל הנגיד,,https://wikidata.org/wiki/Q467161,,,Translation missing: he.poetry,"מתוך ""כל שירי רבי שמואל הנגיד"", תל אביב: מחברות לספרות בסיוע מוסד הרב קוק, תש""ז–תשי""ג"
469,/p49/m469,טוֹרָד וְלֹא,שמואל הנגיד,,https://wikidata.org/wiki/Q467161,,,Translation missing: he.poetry,"מתוך ""כל שירי רבי שמואל הנגיד"", תל אביב: מחברות לספרות בסיוע מוסד הרב קוק, תש""ז–תשי""ג"
470,/p49/m470,[כְּמוֹ זֹאת],שמואל הנגיד,,https://wikidata.org/wiki/Q467161,,,Translation missing: he.poetry,"מתוך ""כל שירי רבי שמואל הנגיד"", תל אביב: מחברות לספרות בסיוע מוסד הרב קוק, תש""ז–תשי""ג"
471,/p49/m471,ושואל למי אקרב,שמואל הנגיד,,https://wikidata.org/wiki/Q467161,,,Translation missing: he.poetry,"מתוך ""כל שירי רבי שמואל הנגיד"", תל אביב: מחברות לספרות בסיוע מוסד הרב קוק, תש""ז–תשי""ג"
483,/p100/m483,השופטים את ציון,יוסף יושעה ריבלין,,https://wikidata.org/wiki/Q12408033,,,Translation missing: he.article,
491,/p180/m491,[שואל דוה לבב],שלמה אבן גבירול,,https://wikidata.org/wiki/Q239355,,,Translation missing: he.poetry,
502,/p19/m502,שיחה עם הכהן הגדול של השמרונים,אברהם משה לונץ,,https://wikidata.org/wiki/Q330415,,,Translation missing: he.article,ירושלים: אריאל
510,/p79/m510,בְּמִשְׁכָּבִי קְרָבַי,יצחק אבן כלפון,,https://wikidata.org/wiki/Q7028939,,,Translation missing: he.poetry,
511,/p20/m511,[בָּרְכִי נַפְשִׁי אֲשֶׁר לוֹ הַגְּדֻלָּה],אברהם אבן עזרא,,https://wikidata.org/wiki/Q270670,,,Translation missing: he.poetry,
516,/p170/m516,[כָּל הַנְּפָשִׁים נִנְהִים],משה אבן עזרא,,https://wikidata.org/wiki/Q719393,,,Translation missing: he.poetry,
544,/p243/m544,ישתבח שם אל בכל שירה,שמעון בן צמח דוּרָאן,,https://wikidata.org/wiki/Q2918665,,,Translation missing: he.poetry,
576,/p161/m576,לא מתמול פיות שחוק נמלאו (ליוסף (אבו עמר) בן ברון),יהודה הלוי,,https://wikidata.org/wiki/Q299200,,,Translation missing: he.poetry,
588,/p49/m588,חתך על תם,שמואל הנגיד,,https://wikidata.org/wiki/Q467161,,,Translation missing: he.poetry,"מתוך ""כל שירי רבי שמואל הנגיד"", תל אביב: מחברות לספרות בסיוע מוסד הרב קוק, תש""ז–תשי""ג"
589,/p49/m589,חלוש מכה,שמואל הנגיד,,https://wikidata.org/wiki/Q467161,,,Translation missing: he.poetry,"מתוך ""כל שירי רבי שמואל הנגיד"", תל אביב: מחברות לספרות בסיוע מוסד הרב קוק, תש""ז–תשי""ג"
590,/p49/m590,עיני עלי,שמואל הנגיד,,https://wikidata.org/wiki/Q467161,,,Translation missing: he.poetry,"מתוך ""כל שירי רבי שמואל הנגיד"", תל אביב: מחברות לספרות בסיוע מוסד הרב קוק, תש""ז–תשי""ג"
591,/p49/m591,אָשִׂישׂ בְּדָבָר,שמואל הנגיד,,https://wikidata.org/wiki/Q467161,,,Translation missing: he.poetry,"מתוך ""כל שירי רבי שמואל הנגיד"", תל אביב: מחברות לספרות בסיוע מוסד הרב קוק, תש""ז–תשי""ג"
592,/p86/m592,ספר תחכמוני – שַׁעַר שִׁשִּׁי,יהודה אלחריזי,,https://wikidata.org/wiki/Q1350978,,,Translation missing: he.article,
604,/p223/m604,ספר הכוזרי: מאמר שלישי,יהודה הלוי,יהודה אבן תיבון,https://wikidata.org/wiki/Q299200,https://wikidata.org/wiki/Q745336,ar,Translation missing: he.reference,ירושלים: שוקן
606,/p180/m606,שְׁבִיָּה עֲנִיָּה,שלמה אבן גבירול,,https://wikidata.org/wiki/Q239355,,,Translation missing: he.poetry,
617,/p20/m617,כל עצמותי,אברהם אבן עזרא,,https://wikidata.org/wiki/Q270670,,,Translation missing: he.poetry,
618,/p170/m618,אל יד חותם תכנית יובא,משה אבן עזרא,,https://wikidata.org/wiki/Q719393,,,Translation missing: he.poetry,
620,/p170/m620,אנא כעב זדוני תמחהו,משה אבן עזרא,,https://wikidata.org/wiki/Q719393,,,Translation missing: he.poetry,
621,/p170/m621,בני לו תחזה אתי בקברי,משה אבן עזרא,,https://wikidata.org/wiki/Q719393,,,Translation missing: he.poetry,
632,/p146/m632,איומה את פני דודך,שלום שבזי,,,,,Translation missing: he.poetry,
634,/p180/m634,[שור כי יפה],שלמה אבן גבירול,,https://wikidata.org/wiki/Q239355,,,Translation missing: he.poetry,
640,/p49/m640,[הַאֶעֱצֹר נַחֲלֵי],שמואל הנגיד,,https://wikidata.org/wiki/Q467161,,,Translation missing: he.poetry,"מתוך ""כל שירי רבי שמואל הנגיד"", תל אביב: מחברות לספרות בסיוע מוסד הרב קוק, תש""ז–תשי""ג"
643,/p49/m643,מָאִם בְּפִלְכַּיָּא,שמואל הנגיד,,https://wikidata.org/wiki/Q467161,,,Translation missing: he.letters,"מתוך ""כל שירי רבי שמואל הנגיד"", תל אביב: מחברות לספרות בסיוע מוסד הרב קוק, תש""ז–תשי""ג"
651,/p49/m651,הֲיֵשׁ שִׂמְחָה,שמואל הנגיד,,https://wikidata.org/wiki/Q467161,,,Translation missing: he.poetry,"מתוך ""כל שירי רבי שמואל הנגיד"", תל אביב: מחברות לספרות בסיוע מוסד הרב קוק, תש""ז–תשי""ג"
652,/p49/m652,טרם קחתך,שמואל הנגיד,,https://wikidata.org/wiki/Q467161,,,Translation missing: he.poetry,"מתוך ""כל שירי רבי שמואל הנגיד"", תל אביב: מחברות לספרות בסיוע מוסד הרב קוק, תש""ז–תשי""ג"
653,/p49/m653,ואומר היש מום,שמואל הנגיד,,https://wikidata.org/wiki/Q467161,,,Translation missing: he.poetry,"מתוך ""כל שירי רבי שמואל הנגיד"", תל אביב: מחברות לספרות בסיוע מוסד הרב קוק, תש""ז–תשי""ג"
654,/p49/m654,בהקריבך רחוקי,שמואל הנגיד,,https://wikidata.org/wiki/Q467161,,,Translation missing: he.poetry,"מתוך ""כל שירי רבי שמואל הנגיד"", תל אביב: מחברות לספרות בסיוע מוסד הרב קוק, תש""ז–תשי""ג"
660,/p180/m660,[שורש בנו],שלמה אבן גבירול,,https://wikidata.org/wiki/Q239355,,,Translation missing: he.poetry,
671,/p79/m671,[אֲנִי מוֹדֶה],יצחק אבן כלפון,,https://wikidata.org/wiki/Q7028939,,,Translation missing: he.poetry,
675,/p20/m675,אל נהר סוד,אברהם אבן עזרא,,https://wikidata.org/wiki/Q270670,,,Translation missing: he.poetry,
676,/p20/m676,[אבות קדושים דת ירשו],אברהם אבן עזרא,,https://wikidata.org/wiki/Q270670,,,Translation missing: he.poetry,
677,/p170/m677,רוּחַ שְׂשׂוֹנִי וְחֵן מַנְעַמָּיו,משה אבן עזרא,,https://wikidata.org/wiki/Q719393,,,Translation missing: he.poetry,
679,/p170/m679,וְכוֹס שׂהַם אֲשֶׁר יֵינוֹ,משה אבן עזרא,,https://wikidata.org/wiki/Q719393,,,Translation missing: he.poetry,
680,/p170/m680,[נִבְטַח בְּהָפִיק זְמָן כִּמְעַט זְמָמֵינוּ],משה אבן עזרא,,https://wikidata.org/wiki/Q719393,,,Translation missing: he.poetry,
703,/p49/m703,[אָדָם אֲשֶׁר],שמואל הנגיד,,https://wikidata.org/wiki/Q467161,,,Translation missing: he.poetry,"מתוך ""כל שירי רבי שמואל הנגיד"", תל אביב: מחברות לספרות בסיוע מוסד הרב קוק, תש""ז–תשי""ג"
708,/p49/m708,חסדיך וטובתך לאדם,שמואל הנגיד,,https://wikidata.org/wiki/Q467161,,,Translation missing: he.poetry,"מתוך ""כל שירי רבי שמואל הנגיד"", תל אביב: מחברות לספרות בסיוע מוסד הרב קוק, תש""ז–תשי""ג"
709,/p49/m709,דבר בעתו,שמואל הנגיד,,https://wikidata.org/wiki/Q467161,,,Translation missing: he.poetry,"מתוך ""כל שירי רבי שמואל הנגיד"", תל אביב: מחברות לספרות בסיוע מוסד הרב קוק, תש""ז–תשי""ג"
711,/p100/m711,יהודי ירושלים והמיסיון,יוסף יושעה ריבלין,,https://wikidata.org/wiki/Q12408033,,,Translation missing: he.letters,
714,/p161/m714,לִקְרַאת מְקוֹר חַיֵי אֱמֶת,יהודה הלוי,,https://wikidata.org/wiki/Q299200,,,Translation missing: he.poetry,
715,/p180/m715,עזבתני ועלתה לשחקים,שלמה אבן גבירול,,https://wikidata.org/wiki/Q239355,,,Translation missing: he.poetry,
755,/p20/m755,[לָנוּ כַטַּל תִּהְיֶה],אברהם אבן עזרא,,https://wikidata.org/wiki/Q270670,,,Translation missing: he.poetry,
757,/p170/m757,עד אן בגלות שלחו שלח,משה אבן עזרא,,https://wikidata.org/wiki/Q719393,,,Translation missing: he.poetry,
768,/p146/m768,עין ולב,שלום שבזי,,,,,Translation missing: he.poetry,
769,/p167/m769,"קינה על מות ר' יצחק חיים כ""צ מהחזנים",משה חיים לוצטו,,https://wikidata.org/wiki/Q982845,,,Translation missing: he.poetry,
797,/p49/m797,[דַּלְתֵי פְרִיצוּת],שמואל הנגיד,,https://wikidata.org/wiki/Q467161,,,Translation missing: he.poetry,"מתוך ""כל שירי רבי שמואל הנגיד"", תל אביב: מחברות לספרות בסיוע מוסד הרב קוק, תש""ז–תשי""ג"
798,/p49/m798,[הַעַל בְּחָשְׁכָּךְ],שמואל הנגיד,,https://wikidata.org/wiki/Q467161,,,Translation missing: he.poetry,"מתוך ""כל שירי רבי שמואל הנגיד"", תל אביב: מחברות לספרות בסיוע מוסד הרב קוק, תש""ז–תשי""ג"
800,/p49/m800,ואומר מה בלא,שמואל הנגיד,,https://wikidata.org/wiki/Q467161,,,Translation missing: he.poetry,"מתוך ""כל שירי רבי שמואל הנגיד"", תל אביב: מחברות לספרות בסיוע מוסד הרב קוק, תש""ז–תשי""ג"
802,/p49/m802,וְאוֹמֵר וּמַה-לָּךְ טוֹב],שמואל הנגיד,,https://wikidata.org/wiki/Q467161,,,Translation missing: he.poetry,"מתוך ""כל שירי רבי שמואל הנגיד"", תל אביב: מחברות לספרות בסיוע מוסד הרב קוק, תש""ז–תשי""ג"
809,/p161/m809,לא האמין אמון עלי תולעת,יהודה הלוי,,https://wikidata.org/wiki/Q299200,,,Translation missing: he.poetry,
810,/p161/m810,[שְׂאוּ הָרִים וּמִדְבָּרִים וְיַמִּים],יהודה הלוי,,https://wikidata.org/wiki/Q299200,,,Translation missing: he.poetry,
828,/p20/m828,[אז מארץ מצרים],אברהם אבן עזרא,,https://wikidata.org/wiki/Q270670,,,Translation missing: he.poetry,
829,/p170/m829,[אֶרְאֶה צְבָאִים עַל ֿפְּנֵי ֿשַׁחַק],משה אבן עזרא,,https://wikidata.org/wiki/Q719393,,,Translation missing: he.poetry,
830,/p170/m830,סוד לבי ומצפוני,משה אבן עזרא,,https://wikidata.org/wiki/Q719393,,,Translation missing: he.poetry,
831,/p170/m831,יונת אלם רחוקים מעל קנה נתושה,משה אבן עזרא,,https://wikidata.org/wiki/Q719393,,,Translation missing: he.poetry,
903,/p49/m903,גְּדֹר לִבָּךְ,שמואל הנגיד,,https://wikidata.org/wiki/Q467161,,,Translation missing: he.poetry,"מתוך ""כל שירי רבי שמואל הנגיד"", תל אביב: מחברות לספרות בסיוע מוסד הרב קוק, תש""ז–תשי""ג"
906,/p49/m906,[טְרַח וּשְׁקֹד],שמואל הנגיד,,https://wikidata.org/wiki/Q467161,,,Translation missing: he.poetry,"מתוך ""כל שירי רבי שמואל הנגיד"", תל אביב: מחברות לספרות בסיוע מוסד הרב קוק, תש""ז–תשי""ג"
907,/p49/m907,[בְּמַחְשַׁכִּים יְהִי],שמואל הנגיד,,https://wikidata.org/wiki/Q467161,,,Translation missing: he.poetry,"מתוך ""כל שירי רבי שמואל הנגיד"", תל אביב: מחברות לספרות בסיוע מוסד הרב קוק, תש""ז–תשי""ג"
908,/p49/m908,אֲשֶׁר רָעָה,שמואל הנגיד,,https://wikidata.org/wiki/Q467161,,,Translation missing: he.poetry,"מתוך ""כל שירי רבי שמואל הנגיד"", תל אביב: מחברות לספרות בסיוע מוסד הרב קוק, תש""ז–תשי""ג"
910,/p100/m910,"רבני ירושלים וחברת ""כל ישראל חברים""",יוסף יושעה ריבלין,,https://wikidata.org/wiki/Q12408033,,,Translation missing: he.letters,
913,/p161/m913,[בַּעְלַת כְּשָׁפִים],יהודה הלוי,,https://wikidata.org/wiki/Q299200,,,Translation missing: he.poetry,
924,/p20/m924,[אֵל נִשְׂגָּב בְּהוֹדוֹ],אברהם אבן עזרא,,https://wikidata.org/wiki/Q270670,,,Translation missing: he.poetry,
937,/p19/m937,העיר קברות אבותי,אברהם משה לונץ,,https://wikidata.org/wiki/Q330415,,,Translation missing: he.article,ירושלים: אריאל
941,/p79/m941,הֲנִקְבַּצְתֶּם וְהַעְתַּרְתֶּם,יצחק אבן כלפון,,https://wikidata.org/wiki/Q7028939,,,Translation missing: he.poetry,
942,/p170/m942,בִּנְעִים אֲמָרִים מִלְּבַב חֹמֵד יַיִן,משה אבן עזרא,,https://wikidata.org/wiki/Q719393,,,Translation missing: he.poetry,
949,/p264/m949,ארץ חפץ נדחיך,יצחק בר שֵׁשֶׁת בֶּרְפֶת,,https://wikidata.org/wiki/Q460650,,,Translation missing: he.poetry,
955,/p161/m955,שיר דברו צפיו וקול נשאו (ליעקב (בו יוסף) בן אלמעלם,יהודה הלוי,,https://wikidata.org/wiki/Q299200,,,Translation missing: he.poetry,
967,/p49/m967,[גְּמוּלָה לְמוֹצִיא],שמואל הנגיד,,https://wikidata.org/wiki/Q467161,,,Translation missing: he.poetry,"מתוך ""כל שירי רבי שמואל הנגיד"", תל אביב: מחברות לספרות בסיוע מוסד הרב קוק, תש""ז–תשי""ג"
968,/p49/m968,עֲבוֹד עוֹלָם,שמואל הנגיד,,https://wikidata.org/wiki/Q467161,,,Translation missing: he.poetry,"מתוך ""כל שירי רבי שמואל הנגיד"", תל אביב: מחברות לספרות בסיוע מוסד הרב קוק, תש""ז–תשי""ג"
969,/p49/m969,הרעיון לבך,שמואל הנגיד,,https://wikidata.org/wiki/Q467161,,,Translation missing: he.poetry,"מתוך ""כל שירי רבי שמואל הנגיד"", תל אביב: מחברות לספרות בסיוע מוסד הרב קוק, תש""ז–תשי""ג"
970,/p49/m970,חֲבֵרָךְ אֲשֶׁר,שמואל הנגיד,,https://wikidata.org/wiki/Q467161,,,Translation missing: he.poetry,"מתוך ""כל שירי רבי שמואל הנגיד"", תל אביב: מחברות לספרות בסיוע מוסד הרב קוק, תש""ז–תשי""ג"
971,/p86/m971,ספר הענק,יהודה אלחריזי,,https://wikidata.org/wiki/Q1350978,,,Translation missing: he.poetry,
974,/p161/m974,[אוהבי לחייו יריקו],יהודה הלוי,,https://wikidata.org/wiki/Q299200,,,Translation missing: he.poetry,
1133,/p20/m1133,[אמות – ולא מת מחלי],אברהם אבן עזרא,,https://wikidata.org/wiki/Q270670,,,Translation missing: he.poetry,
1134,/p20/m1134,[אִחֲזוּ אֵלִים פְּנֵי כִסֵּא],אברהם אבן עזרא,,https://wikidata.org/wiki/Q270670,,,Translation missing: he.poetry,
1135,/p170/m1135,שחתי לעפרה נסעה,משה אבן עזרא,,https://wikidata.org/wiki/Q719393,,,Translation missing: he.poetry,
1136,/p170/m1136,הריחותי הדסי השלומים,משה אבן עזרא,,https://wikidata.org/wiki/Q719393,,,Translation missing: he.poetry,
1138,/p170/m1138,הריח מר מאחז האפסים,משה אבן עזרא,,https://wikidata.org/wiki/Q719393,,,Translation missing: he.poetry,
1147,/p146/m1147,אגיל ואשמח,שלום שבזי,,,,,Translation missing: he.poetry,
1150,/p180/m1150,[אהי פדיון],שלמה אבן גבירול,,https://wikidata.org/wiki/Q239355,,,Translation missing: he.poetry,
1157,/p49/m1157,לְבֶן משֶׁה,שמואל הנגיד,,https://wikidata.org/wiki/Q467161,,,Translation missing: he.poetry,"מתוך ""כל שירי רבי שמואל הנגיד"", תל אביב: מחברות לספרות בסיוע מוסד הרב קוק, תש""ז–תשי""ג"
1161,/p49/m1161,בנפשי אח,שמואל הנגיד,,https://wikidata.org/wiki/Q467161,,,Translation missing: he.poetry,"מתוך ""כל שירי רבי שמואל הנגיד"", תל אביב: מחברות לספרות בסיוע מוסד הרב קוק, תש""ז–תשי""ג"
1170,/p49/m1170,הַזְכֵּר לְנָדִיב,שמואל הנגיד,,https://wikidata.org/wiki/Q467161,,,Translation missing: he.poetry,"מתוך ""כל שירי רבי שמואל הנגיד"", תל אביב: מחברות לספרות בסיוע מוסד הרב קוק, תש""ז–תשי""ג"
1171,/p49/m1171,הֲיִשַּׁר בְּעֵת,שמואל הנגיד,,https://wikidata.org/wiki/Q467161,,,Translation missing: he.poetry,"מתוך ""כל שירי רבי שמואל הנגיד"", תל אביב: מחברות לספרות בסיוע מוסד הרב קוק, תש""ז–תשי""ג"
1172,/p49/m1172,חֶבְרַת מְלֵא-שֵׂכֶל,שמואל הנגיד,,https://wikidata.org/wiki/Q467161,,,Translation missing: he.poetry,"מתוך ""כל שירי רבי שמואל הנגיד"", תל אביב: מחברות לספרות בסיוע מוסד הרב קוק, תש""ז–תשי""ג"
1173,/p49/m1173,אֲשֶׁר לִבּוֹ,שמואל הנגיד,,https://wikidata.org/wiki/Q467161,,,Translation missing: he.poetry,"מתוך ""כל שירי רבי שמואל הנגיד"", תל אביב: מחברות לספרות בסיוע מוסד הרב קוק, תש""ז–תשי""ג"
1187,/p180/m1187,אם מראות,שלמה אבן גבירול,,https://wikidata.org/wiki/Q239355,,,Translation missing: he.poetry,
1196,/p79/m1196,[יְדִיד נַפְשִׁי],יצחק אבן כלפון,,https://wikidata.org/wiki/Q7028939,,,Translation missing: he.poetry,
1200,/p20/m1200,קדושה,אברהם אבן עזרא,,https://wikidata.org/wiki/Q270670,,,Translation missing: he.poetry,
1201,/p20/m1201,[חיה עצומה מכל בריאה],אברהם אבן עזרא,,https://wikidata.org/wiki/Q270670,,,Translation missing: he.poetry,
1202,/p170/m1202,[מַצִּיב אֲדָמָה וְכָל גְּבוּלֶיהָ],משה אבן עזרא,,https://wikidata.org/wiki/Q719393,,,Translation missing: he.poetry,
1203,/p170/m1203,הֶרֶף בֹּכֶה חֻקֵּי בָתִּים,משה אבן עזרא,,https://wikidata.org/wiki/Q719393,,,Translation missing: he.poetry,
1204,/p170/m1204,יפה תאר וכוס יין וגנה,משה אבן עזרא,,https://wikidata.org/wiki/Q719393,,,Translation missing: he.poetry,
1210,/p92/m1210,מעשה אלפס: תולדה וזכרונות,בן ציון אלפס,,https://wikidata.org/wiki/Q12404613,,,Translation missing: he.memoir,"ירושלים: ועד היובל, דפוס ביח היתומים דיסקין"
1243,/p49/m1243,חָכָם אֲשֶׁר יֵשֵׁב,שמואל הנגיד,,https://wikidata.org/wiki/Q467161,,,Translation missing: he.poetry,"מתוך ""כל שירי רבי שמואל הנגיד"", תל אביב: מחברות לספרות בסיוע מוסד הרב קוק, תש""ז–תשי""ג"
1244,/p49/m1244,דְּבָרִים יֵשׁ בְּלֵב,שמואל הנגיד,,https://wikidata.org/wiki/Q467161,,,Translation missing: he.poetry,"מתוך ""כל שירי רבי שמואל הנגיד"", תל אביב: מחברות לספרות בסיוע מוסד הרב קוק, תש""ז–תשי""ג"
1245,/p49/m1245,גדע קרן,שמואל הנגיד,,https://wikidata.org/wiki/Q467161,,,Translation missing: he.poetry,"מתוך ""כל שירי רבי שמואל הנגיד"", תל אביב: מחברות לספרות בסיוע מוסד הרב קוק, תש""ז–תשי""ג"
1247,/p100/m1247,על החלוקה,יוסף יושעה ריבלין,,https://wikidata.org/wiki/Q12408033,,,Translation missing: he.article,
1250,/p161/m1250,[אלוף החן את אלופי],יהודה הלוי,,https://wikidata.org/wiki/Q299200,,,Translation missing: he.poetry,
1251,/p180/m1251,אדני מה אדם,שלמה אבן גבירול,,https://wikidata.org/wiki/Q239355,,,Translation missing: he.poetry,
1264,/p170/m1264,שׁוֹרְרוּ יַלְדֵי אֱמוּנָי,משה אבן עזרא,,https://wikidata.org/wiki/Q719393,,,Translation missing: he.poetry,
1274,/p146/m1274,הַלְּלוּ כָּל הַמְּצוּאִים שׁוֹכְנֵי אֶרֶץ נְכֵאִים,שלום שבזי,,,,,Translation missing: he.poetry,
1298,/p49/m1298,[דֶּרֶך נְכוֹחָה],שמואל הנגיד,,https://wikidata.org/wiki/Q467161,,,Translation missing: he.poetry,"מתוך ""כל שירי רבי שמואל הנגיד"", תל אביב: מחברות לספרות בסיוע מוסד הרב קוק, תש""ז–תשי""ג"
1299,/p49/m1299,[חֲכַם-לֵבַב וְהוּא],שמואל הנגיד,,https://wikidata.org/wiki/Q467161,,,Translation missing: he.poetry,"מתוך ""כל שירי רבי שמואל הנגיד"", תל אביב: מחברות לספרות בסיוע מוסד הרב קוק, תש""ז–תשי""ג"
1300,/p49/m1300,[אֵין חֵטְא],שמואל הנגיד,,https://wikidata.org/wiki/Q467161,,,Translation missing: he.poetry,"מתוך ""כל שירי רבי שמואל הנגיד"", תל אביב: מחברות לספרות בסיוע מוסד הרב קוק, תש""ז–תשי""ג"
1301,/p49/m1301,[פְּגַע-שָׂרָף],שמואל הנגיד,,https://wikidata.org/wiki/Q467161,,,Translation missing: he.poetry,"מתוך ""כל שירי רבי שמואל הנגיד"", תל אביב: מחברות לספרות בסיוע מוסד הרב קוק, תש""ז–תשי""ג"
1304,/p223/m1304,ספר הכוזרי: מִכְתַּב ר' חסדאי בן יצחק אבן שפרוט למלך הכוזרים,יהודה הלוי,יהודה אבן תיבון,https://wikidata.org/wiki/Q299200,https://wikidata.org/wiki/Q745336,ar,Translation missing: he.reference,ירושלים: שוקן
1321,/p20/m1321,[אוֹדֶה לְאֵל חַיַּי],אברהם אבן עזרא,,https://wikidata.org/wiki/Q270670,,,Translation missing: he.poetry,
1322,/p20/m1322,[על אח בערוני],אברהם אבן עזרא,,https://wikidata.org/wiki/Q270670,,,Translation missing: he.poetry,
1323,/p170/m1323,צבי פניו פנינים קדחים אש,משה אבן עזרא,,https://wikidata.org/wiki/Q719393,,,Translation missing: he.poetry,
1324,/p170/m1324,כְּתַבְתִּיהוּ וְהַמִּזְרָק בְּיָדִי,משה אבן עזרא,,https://wikidata.org/wiki/Q719393,,,Translation missing: he.poetry,
1326,/p170/m1326,מעשה שמרתי במו פי,משה אבן עזרא,,https://wikidata.org/wiki/Q719393,,,Translation missing: he.poetry,
1370,/p49/m1370,[חֲבֵר נַפְשָׁךְ],שמואל הנגיד,,https://wikidata.org/wiki/Q467161,,,Translation missing: he.poetry,"מתוך ""כל שירי רבי שמואל הנגיד"", תל אביב: מחברות לספרות בסיוע מוסד הרב קוק, תש""ז–תשי""ג"
1371,/p49/m1371,אֲשֶׁר הֶעֱנִיקָךְ,שמואל הנגיד,,https://wikidata.org/wiki/Q467161,,,Translation missing: he.poetry,"מתוך ""כל שירי רבי שמואל הנגיד"", תל אביב: מחברות לספרות בסיוע מוסד הרב קוק, תש""ז–תשי""ג"
1372,/p49/m1372,הרק מעט,שמואל הנגיד,,https://wikidata.org/wiki/Q467161,,,Translation missing: he.poetry,"מתוך ""כל שירי רבי שמואל הנגיד"", תל אביב: מחברות לספרות בסיוע מוסד הרב קוק, תש""ז–תשי""ג"
1373,/p49/m1373,[בְּהִתְכַּבֵּד וְהִתְעַלֵּם],שמואל הנגיד,,https://wikidata.org/wiki/Q467161,,,Translation missing: he.poetry,"מתוך ""כל שירי רבי שמואל הנגיד"", תל אביב: מחברות לספרות בסיוע מוסד הרב קוק, תש""ז–תשי""ג"
1375,/p100/m1375,שאלו שלום ירושלם,יוסף יושעה ריבלין,,https://wikidata.org/wiki/Q12408033,,,Translation missing: he.article,
1392,/p19/m1392,"מנהגי אחינו באה""ק בדת וחיי העם",אברהם משה לונץ,,https://wikidata.org/wiki/Q330415,,,Translation missing: he.article,ירושלים: אריאל
1396,/p79/m1396,חֳלִי לִבִּי,יצחק אבן כלפון,,https://wikidata.org/wiki/Q7028939,,,Translation missing: he.poetry,
1399,/p20/m1399,[אמרו בני אלהים],אברהם אבן עזרא,,https://wikidata.org/wiki/Q270670,,,Translation missing: he.poetry,
1401,/p170/m1401,ממרום קול עובר באזני לילה ודובר,משה אבן עזרא,,https://wikidata.org/wiki/Q719393,,,Translation missing: he.poetry,
1410,/p243/m1410,ה' שוועת יום,שמעון בן צמח דוּרָאן,,https://wikidata.org/wiki/Q2918665,,,Translation missing: he.poetry,
1429,/p161/m1429,[הַשָׂר עֲטֶרֶת כָּל יְדִידֶיךָ],יהודה הלוי,,https://wikidata.org/wiki/Q299200,,,Translation missing: he.poetry,
1437,/p49/m1437,חֹסֶר אֲשֶׁר,שמואל הנגיד,,https://wikidata.org/wiki/Q467161,,,Translation missing: he.poetry,"מתוך ""כל שירי רבי שמואל הנגיד"", תל אביב: מחברות לספרות בסיוע מוסד הרב קוק, תש""ז–תשי""ג"
1438,/p49/m1438,וְאוֹמֵר מַה-תְּבוּאָה,שמואל הנגיד,,https://wikidata.org/wiki/Q467161,,,Translation missing: he.poetry,"מתוך ""כל שירי רבי שמואל הנגיד"", תל אביב: מחברות לספרות בסיוע מוסד הרב קוק, תש""ז–תשי""ג"
1439,/p49/m1439,הֲלֹא תַחְשֹׁב,שמואל הנגיד,,https://wikidata.org/wiki/Q467161,,,Translation missing: he.poetry,"מתוך ""כל שירי רבי שמואל הנגיד"", תל אביב: מחברות לספרות בסיוע מוסד הרב קוק, תש""ז–תשי""ג"
1440,/p49/m1440,[אִישִׁים יְחַלּוּ],שמואל הנגיד,,https://wikidata.org/wiki/Q467161,,,Translation missing: he.poetry,"מתוך ""כל שירי רבי שמואל הנגיד"", תל אביב: מחברות לספרות בסיוע מוסד הרב קוק, תש""ז–תשי""ג"
1441,/p86/m1441,ספר תחכמוני - שער שלושים וארבע,יהודה אלחריזי,,https://wikidata.org/wiki/Q1350978,,,Translation missing: he.prose,
1444,/p161/m1444,[שלומותי שאי יונת רחקים],יהודה הלוי,,https://wikidata.org/wiki/Q299200,,,Translation missing: he.poetry,
1446,/p180/m1446,שלף חרבך,שלמה אבן גבירול,,https://wikidata.org/wiki/Q239355,,,Translation missing: he.poetry,
1459,/p20/m1459,[כבודי במקומי],אברהם אבן עזרא,,https://wikidata.org/wiki/Q270670,,,Translation missing: he.poetry,
1460,/p20/m1460,רשות לשמחת תורה,אברהם אבן עזרא,,https://wikidata.org/wiki/Q270670,,,Translation missing: he.poetry,
1461,/p170/m1461,רוצה מידעי לבית ארמון,משה אבן עזרא,,https://wikidata.org/wiki/Q719393,,,Translation missing: he.poetry,
1462,/p170/m1462,הא לך מכתב מאח נכאב,משה אבן עזרא,,https://wikidata.org/wiki/Q719393,,,Translation missing: he.poetry,
1464,/p170/m1464,דעה כי כל-אנוש נמצא בעולם,משה אבן עזרא,,https://wikidata.org/wiki/Q719393,,,Translation missing: he.poetry,
1473,/p146/m1473,[שְׁבָח אֵל חַי מְרוֹמָם עַל שְׁבָחִים],שלום שבזי,,,,,Translation missing: he.poetry,
1475,/p180/m1475,[בעת לא אחזה],שלמה אבן גבירול,,https://wikidata.org/wiki/Q239355,,,Translation missing: he.poetry,
1486,/p49/m1486,כבר שלמו ימי,שמואל הנגיד,,https://wikidata.org/wiki/Q467161,,,Translation missing: he.poetry,"מתוך ""כל שירי רבי שמואל הנגיד"", תל אביב: מחברות לספרות בסיוע מוסד הרב קוק, תש""ז–תשי""ג"
1496,/p49/m1496,אֲשֶׁר חָכְמָה,שמואל הנגיד,,https://wikidata.org/wiki/Q467161,,,Translation missing: he.poetry,"מתוך ""כל שירי רבי שמואל הנגיד"", תל אביב: מחברות לספרות בסיוע מוסד הרב קוק, תש""ז–תשי""ג"
1497,/p49/m1497,[וְאוֹמֵר מַה-שְּׁחֹרִים],שמואל הנגיד,,https://wikidata.org/wiki/Q467161,,,Translation missing: he.poetry,"מתוך ""כל שירי רבי שמואל הנגיד"", תל אביב: מחברות לספרות בסיוע מוסד הרב קוק, תש""ז–תשי""ג"
1498,/p49/m1498,[חוֹמָה בְצוּרָה],שמואל הנגיד,,https://wikidata.org/wiki/Q467161,,,Translation missing: he.poetry,"מתוך ""כל שירי רבי שמואל הנגיד"", תל אביב: מחברות לספרות בסיוע מוסד הרב קוק, תש""ז–תשי""ג"
1499,/p49/m1499,[חָפֵץ לְדֵעָה],שמואל הנגיד,,https://wikidata.org/wiki/Q467161,,,Translation missing: he.poetry,"מתוך ""כל שירי רבי שמואל הנגיד"", תל אביב: מחברות לספרות בסיוע מוסד הרב קוק, תש""ז–תשי""ג"
1504,/p161/m1504,שֶׁמֶשׁ וְיָרֵחַ לְעוֹלָם שֵׁרְתוּ,יהודה הלוי,,https://wikidata.org/wiki/Q299200,,,Translation missing: he.poetry,
1506,/p180/m1506,אלוהי שא עוונותי,שלמה אבן גבירול,,https://wikidata.org/wiki/Q239355,,,Translation missing: he.poetry,
1515,/p79/m1515,שְׁאִלְתִּיךָ אֲדוֹן נַפְשִׁי,יצחק אבן כלפון,,https://wikidata.org/wiki/Q7028939,,,Translation missing: he.poetry,
1519,/p20/m1519,[אִם נָקְטָה נַפְשִׁי],אברהם אבן עזרא,,https://wikidata.org/wiki/Q270670,,,Translation missing: he.poetry,האקדמיה הלאומית הישראלית למדעים
1520,/p20/m1520,[אחרה עת מועד],אברהם אבן עזרא,,https://wikidata.org/wiki/Q270670,,,Translation missing: he.poetry,
1521,/p170/m1521,[אוֹרִי יִבָּקַע],משה אבן עזרא,,https://wikidata.org/wiki/Q719393,,,Translation missing: he.poetry,
1522,/p170/m1522,[אֵלִי בַּיִת נִבְנָה עַל־קַו],משה אבן עזרא,,https://wikidata.org/wiki/Q719393,,,Translation missing: he.poetry,
1523,/p170/m1523,[בְּבַת־כֶּרֶם יְדִידַי],משה אבן עזרא,,https://wikidata.org/wiki/Q719393,,,Translation missing: he.poetry,
1557,/p49/m1557,חֲסָדֶיךָ לְיוֹם כָּזֶה אֲקַו לֹא,שמואל הנגיד,,https://wikidata.org/wiki/Q467161,,,Translation missing: he.poetry,"מתוך ""כל שירי רבי שמואל הנגיד"", תל אביב: מחברות לספרות בסיוע מוסד הרב קוק, תש""ז–תשי""ג"
1558,/p161/m1558,[בי הצבי בי אדני],יהודה הלוי,,https://wikidata.org/wiki/Q299200,,,Translation missing: he.poetry,
1559,/p180/m1559,[שֻׁלְּחָה אִמִּי],שלמה אבן גבירול,,https://wikidata.org/wiki/Q239355,,,Translation missing: he.poetry,
1572,/p49/m1572,הֲיֵשׁ יִתְרוֹן,שמואל הנגיד,,https://wikidata.org/wiki/Q467161,,,Translation missing: he.poetry,"מתוך ""כל שירי רבי שמואל הנגיד"", תל אביב: מחברות לספרות בסיוע מוסד הרב קוק, תש""ז–תשי""ג"
1573,/p49/m1573,[זְבוּב יִפּוֹל],שמואל הנגיד,,https://wikidata.org/wiki/Q467161,,,Translation missing: he.poetry,"מתוך ""כל שירי רבי שמואל הנגיד"", תל אביב: מחברות לספרות בסיוע מוסד הרב קוק, תש""ז–תשי""ג"
1575,/p100/m1575,ידיעות מירושלים,יוסף יושעה ריבלין,,https://wikidata.org/wiki/Q12408033,,,Translation missing: he.article,
1582,/p20/m1582,[גָּדוֹל אֲדֹנָי וּמְהֻלָּל מְאֹד],אברהם אבן עזרא,,https://wikidata.org/wiki/Q270670,,,Translation missing: he.poetry,
1583,/p170/m1583,"[וּבֶן-יוֹנָה, בְּרֹאשׁ אָמִיר]",משה אבן עזרא,,https://wikidata.org/wiki/Q719393,,,Translation missing: he.poetry,
1588,/p146/m1588,אהוב לבי בהר סיני,שלום שבזי,,,,,Translation missing: he.poetry,
1612,/p49/m1612,[אַהְבָה אֲשֶׁר],שמואל הנגיד,,https://wikidata.org/wiki/Q467161,,,Translation missing: he.poetry,"מתוך ""כל שירי רבי שמואל הנגיד"", תל אביב: מחברות לספרות בסיוע מוסד הרב קוק, תש""ז–תשי""ג"
1613,/p49/m1613,הֹגֶה בְּמוּם,שמואל הנגיד,,https://wikidata.org/wiki/Q467161,,,Translation missing: he.poetry,"מתוך ""כל שירי רבי שמואל הנגיד"", תל אביב: מחברות לספרות בסיוע מוסד הרב קוק, תש""ז–תשי""ג"
1614,/p49/m1614,דָּחְתָה קְרוֹבֶיהָ,שמואל הנגיד,,https://wikidata.org/wiki/Q467161,,,Translation missing: he.poetry,"מתוך ""כל שירי רבי שמואל הנגיד"", תל אביב: מחברות לספרות בסיוע מוסד הרב קוק, תש""ז–תשי""ג"
1615,/p49/m1615,גְּבִיר יִשּׂוֹ­ר,שמואל הנגיד,,https://wikidata.org/wiki/Q467161,,,Translation missing: he.poetry,"מתוך ""כל שירי רבי שמואל הנגיד"", תל אביב: מחברות לספרות בסיוע מוסד הרב קוק, תש""ז–תשי""ג"
1618,/p161/m1618,לבבי מה תרדף הון ועשר,יהודה הלוי,,https://wikidata.org/wiki/Q299200,,,Translation missing: he.poetry,
1632,/p20/m1632,[אני באוני אצעקה],אברהם אבן עזרא,,https://wikidata.org/wiki/Q270670,,,Translation missing: he.poetry,
1633,/p20/m1633,[מֵהָאָדָם],אברהם אבן עזרא,,https://wikidata.org/wiki/Q270670,,,Translation missing: he.poetry,
1634,/p170/m1634,[ מַשְׁקֶה הָחִישׁ מִזְרַקֿ-כֶּסֶף],משה אבן עזרא,,https://wikidata.org/wiki/Q719393,,,Translation missing: he.poetry,
1635,/p170/m1635,[נֹגֵן אֲשֶׁר פִּיהוּ הֲדַר יָפְיוֹ],משה אבן עזרא,,https://wikidata.org/wiki/Q719393,,,Translation missing: he.poetry,
1637,/p170/m1637,באי עפרת טירות אלי,משה אבן עזרא,,https://wikidata.org/wiki/Q719393,,,Translation missing: he.poetry,
1672,/p49/m1672,זֶמֶר יְגוֹנֵי,שמואל הנגיד,,https://wikidata.org/wiki/Q467161,,,Translation missing: he.poetry,"מתוך ""כל שירי רבי שמואל הנגיד"", תל אביב: מחברות לספרות בסיוע מוסד הרב קוק, תש""ז–תשי""ג"
1673,/p49/m1673,בתבל איש,שמואל הנגיד,,https://wikidata.org/wiki/Q467161,,,Translation missing: he.poetry,"מתוך ""כל שירי רבי שמואל הנגיד"", תל אביב: מחברות לספרות בסיוע מוסד הרב קוק, תש""ז–תשי""ג"
1674,/p49/m1674,חכם אשר יביט,שמואל הנגיד,,https://wikidata.org/wiki/Q467161,,,Translation missing: he.poetry,"מתוך ""כל שירי רבי שמואל הנגיד"", תל אביב: מחברות לספרות בסיוע מוסד הרב קוק, תש""ז–תשי""ג"
1675,/p49/m1675,[גֶּבֶר אֲשֶׁר חִלֵּק],שמואל הנגיד,,https://wikidata.org/wiki/Q467161,,,Translation missing: he.poetry,"מתוך ""כל שירי רבי שמואל הנגיד"", תל אביב: מחברות לספרות בסיוע מוסד הרב קוק, תש""ז–תשי""ג"
1677,/p100/m1677,צדקה וחשבון,יוסף יושעה ריבלין,,https://wikidata.org/wiki/Q12408033,,,Translation missing: he.article,
1680,/p161/m1680,[צלעי קדמו שלום לדודכם],יהודה הלוי,,https://wikidata.org/wiki/Q299200,,,Translation missing: he.poetry,
1682,/p180/m1682,שלום לך דודי,שלמה אבן גבירול,,https://wikidata.org/wiki/Q239355,,,Translation missing: he.poetry,
1688,/p19/m1688,רכושנו בארץ אבותינו,אברהם משה לונץ,,https://wikidata.org/wiki/Q330415,,,Translation missing: he.reference,ירושלים: אריאל
1692,/p79/m1692,לְמִי אֶקְשֹׁר,יצחק אבן כלפון,,https://wikidata.org/wiki/Q7028939,,,Translation missing: he.poetry,
1695,/p20/m1695,[אילת על דוד עגבה],אברהם אבן עזרא,,https://wikidata.org/wiki/Q270670,,,Translation missing: he.poetry,
1697,/p170/m1697,"בפתחך ""אנכי""",משה אבן עזרא,,https://wikidata.org/wiki/Q719393,,,Translation missing: he.poetry,
1707,/p243/m1707,[ה' לָמָּה תַבִּיט בּוֹגְדִים תַּחֲרִיש],שמעון בן צמח דוּרָאן,,https://wikidata.org/wiki/Q2918665,,,Translation missing: he.poetry,
1726,/p161/m1726,צבי שני אורים שלש ובעד דמותו משאלי (לרבי יצחק אבן קרשפין),יהודה הלוי,,https://wikidata.org/wiki/Q299200,,,Translation missing: he.poetry,
1734,/p49/m1734,[חֲשֹׁב רֹאשׁ],שמואל הנגיד,,https://wikidata.org/wiki/Q467161,,,Translation missing: he.poetry,"מתוך ""כל שירי רבי שמואל הנגיד"", תל אביב: מחברות לספרות בסיוע מוסד הרב קוק, תש""ז–תשי""ג"
1735,/p49/m1735,זָעַק אֱוִיל,שמואל הנגיד,,https://wikidata.org/wiki/Q467161,,,Translation missing: he.poetry,"מתוך ""כל שירי רבי שמואל הנגיד"", תל אביב: מחברות לספרות בסיוע מוסד הרב קוק, תש""ז–תשי""ג"
1736,/p49/m1736,התשעה אלי,שמואל הנגיד,,https://wikidata.org/wiki/Q467161,,,Translation missing: he.poetry,"מתוך ""כל שירי רבי שמואל הנגיד"", תל אביב: מחברות לספרות בסיוע מוסד הרב קוק, תש""ז–תשי""ג"
1737,/p49/m1737,[אהב גר],שמואל הנגיד,,https://wikidata.org/wiki/Q467161,,,Translation missing: he.poetry,"מתוך ""כל שירי רבי שמואל הנגיד"", תל אביב: מחברות לספרות בסיוע מוסד הרב קוק, תש""ז–תשי""ג"
1738,/p86/m1738,ספר תחכמוני  - שער שלישי,יהודה אלחריזי,,https://wikidata.org/wiki/Q1350978,,,Translation missing: he.prose,
1742,/p180/m1742,עת נצבו,שלמה אבן גבירול,,https://wikidata.org/wiki/Q239355,,,Translation missing: he.poetry,
1754,/p20/m1754,[אָרְחוֹת אֱלֹוהַּ עָמָדוּ],אברהם אבן עזרא,,https://wikidata.org/wiki/Q270670,,,Translation missing: he.poetry,
1755,/p20/m1755,מי כמוך,אברהם אבן עזרא,,https://wikidata.org/wiki/Q270670,,,Translation missing: he.poetry,
1756,/p170/m1756,[מַהֲרוּ נָא אֳלֵי מְעוֹנֵי אֲהוּבִים],משה אבן עזרא,,https://wikidata.org/wiki/Q719393,,,Translation missing: he.poetry,
1760,/p170/m1760,אֲלֵיכֶם אֶקְרָא נִמְהָרִים,משה אבן עזרא,,https://wikidata.org/wiki/Q719393,,,Translation missing: he.poetry,
1762,/p170/m1762,[הֱקִיצוּנִי שְׂעִפַּי לַעֲבֹר],משה אבן עזרא,,https://wikidata.org/wiki/Q719393,,,Translation missing: he.poetry,
1771,/p146/m1771,חלום חלם ידיד נפשי בשחר,שלום שבזי,,,,,Translation missing: he.poetry,
1774,/p180/m1774,[אֱמֶת כִּי הַפְּרוֹד],שלמה אבן גבירול,,https://wikidata.org/wiki/Q239355,,,Translation missing: he.poetry,
1783,/p49/m1783,עליכם בני,שמואל הנגיד,,https://wikidata.org/wiki/Q467161,,,Translation missing: he.poetry,"מתוך ""כל שירי רבי שמואל הנגיד"", תל אביב: מחברות לספרות בסיוע מוסד הרב קוק, תש""ז–תשי""ג"
1794,/p49/m1794,חֲבֵר הַמְּנוּחוֹת,שמואל הנגיד,,https://wikidata.org/wiki/Q467161,,,Translation missing: he.poetry,"מתוך ""כל שירי רבי שמואל הנגיד"", תל אביב: מחברות לספרות בסיוע מוסד הרב קוק, תש""ז–תשי""ג"
1795,/p49/m1795,[בְּכַבֶּדְךָ אֱנוֹשׁ],שמואל הנגיד,,https://wikidata.org/wiki/Q467161,,,Translation missing: he.poetry,"מתוך ""כל שירי רבי שמואל הנגיד"", תל אביב: מחברות לספרות בסיוע מוסד הרב קוק, תש""ז–תשי""ג"
1796,/p49/m1796,[בְּהַשְׁגִּיחָךְ לְדֵעָה],שמואל הנגיד,,https://wikidata.org/wiki/Q467161,,,Translation missing: he.poetry,"מתוך ""כל שירי רבי שמואל הנגיד"", תל אביב: מחברות לספרות בסיוע מוסד הרב קוק, תש""ז–תשי""ג"
1797,/p49/m1797,הֱיֵה שָׂשׂ,שמואל הנגיד,,https://wikidata.org/wiki/Q467161,,,Translation missing: he.poetry,"מתוך ""כל שירי רבי שמואל הנגיד"", תל אביב: מחברות לספרות בסיוע מוסד הרב קוק, תש""ז–תשי""ג"
1802,/p161/m1802,[נדיב לבב כליל יפי],יהודה הלוי,,https://wikidata.org/wiki/Q299200,,,Translation missing: he.poetry,
1813,/p79/m1813,שְׁפָטַנִי אֱלֹהֵי הַצְּבָאוֹת,יצחק אבן כלפון,,https://wikidata.org/wiki/Q7028939,,,Translation missing: he.poetry,
1817,/p20/m1817,[אֱמֻנָה עֲלֵי תוֹלָע],אברהם אבן עזרא,,https://wikidata.org/wiki/Q270670,,,Translation missing: he.poetry,
1818,/p20/m1818,אַחֲלַי אֲנִי חֶלְקְךָ,אברהם אבן עזרא,,https://wikidata.org/wiki/Q270670,,,Translation missing: he.poetry,
1819,/p170/m1819,אֱלֹהֵי תְהִלָּתִי,משה אבן עזרא,,https://wikidata.org/wiki/Q719393,,,Translation missing: he.poetry,
1822,/p170/m1822,לובשי סות אימים,משה אבן עזרא,,https://wikidata.org/wiki/Q719393,,,Translation missing: he.poetry,
1823,/p170/m1823,אנוש יראה יקר תבל,משה אבן עזרא,,https://wikidata.org/wiki/Q719393,,,Translation missing: he.poetry,
1845,/p161/m1845,[נפשי לשלום אותך פקדת],יהודה הלוי,,https://wikidata.org/wiki/Q299200,,,Translation missing: he.poetry,
1859,/p49/m1859,הישוה איש,שמואל הנגיד,,https://wikidata.org/wiki/Q467161,,,Translation missing: he.poetry,"מתוך ""כל שירי רבי שמואל הנגיד"", תל אביב: מחברות לספרות בסיוע מוסד הרב קוק, תש""ז–תשי""ג"
1860,/p49/m1860,[אֱנוֹשׁ בָּא],שמואל הנגיד,,https://wikidata.org/wiki/Q467161,,,Translation missing: he.poetry,"מתוך ""כל שירי רבי שמואל הנגיד"", תל אביב: מחברות לספרות בסיוע מוסד הרב קוק, תש""ז–תשי""ג"
1861,/p49/m1861,דבר אשר,שמואל הנגיד,,https://wikidata.org/wiki/Q467161,,,Translation missing: he.poetry,"מתוך ""כל שירי רבי שמואל הנגיד"", תל אביב: מחברות לספרות בסיוע מוסד הרב קוק, תש""ז–תשי""ג"
1863,/p100/m1863,בית הכנסת של ר' יהודא חסיד (שלושה פרקים),יוסף יושעה ריבלין,,https://wikidata.org/wiki/Q12408033,,,Translation missing: he.article,
1866,/p161/m1866,[איך מעינות עיני אוכח],יהודה הלוי,,https://wikidata.org/wiki/Q299200,,,Translation missing: he.poetry,
1868,/p180/m1868,[תְּבֹרַךְ מִבְּלִי קֵצֶה],שלמה אבן גבירול,,https://wikidata.org/wiki/Q239355,,,Translation missing: he.poetry,
1883,/p170/m1883,אִם מֵי-עֲנָבִים בְּמַיִם תִּמְהֹל,משה אבן עזרא,,https://wikidata.org/wiki/Q719393,,,Translation missing: he.poetry,
1889,/p49/m1889,קְרָאתוֹ רַב,שמואל הנגיד,,https://wikidata.org/wiki/Q467161,,,Translation missing: he.poetry,"מתוך ""כל שירי רבי שמואל הנגיד"", תל אביב: מחברות לספרות בסיוע מוסד הרב קוק, תש""ז–תשי""ג"
1893,/p146/m1893,יום אזכרה חטאי,שלום שבזי,,,,,Translation missing: he.poetry,
1920,/p49/m1920,התתוכח באמרי,שמואל הנגיד,,https://wikidata.org/wiki/Q467161,,,Translation missing: he.poetry,"מתוך ""כל שירי רבי שמואל הנגיד"", תל אביב: מחברות לספרות בסיוע מוסד הרב קוק, תש""ז–תשי""ג"
1921,/p49/m1921,דּוּשׁ בָּמֳתֵי,שמואל הנגיד,,https://wikidata.org/wiki/Q467161,,,Translation missing: he.poetry,"מתוך ""כל שירי רבי שמואל הנגיד"", תל אביב: מחברות לספרות בסיוע מוסד הרב קוק, תש""ז–תשי""ג"
1922,/p49/m1922,[אִם רֵעֲךָ],שמואל הנגיד,,https://wikidata.org/wiki/Q467161,,,Translation missing: he.poetry,"מתוך ""כל שירי רבי שמואל הנגיד"", תל אביב: מחברות לספרות בסיוע מוסד הרב קוק, תש""ז–תשי""ג"
1923,/p49/m1923,ואומר אמר מי,שמואל הנגיד,,https://wikidata.org/wiki/Q467161,,,Translation missing: he.poetry,"מתוך ""כל שירי רבי שמואל הנגיד"", תל אביב: מחברות לספרות בסיוע מוסד הרב קוק, תש""ז–תשי""ג"
1926,/p161/m1926,[יוצאת חופשית עולך נשבר],יהודה הלוי,,https://wikidata.org/wiki/Q299200,,,Translation missing: he.poetry,
1927,/p161/m1927,תשואות חן חן,יהודה הלוי,,https://wikidata.org/wiki/Q299200,,,Translation missing: he.poetry,
1941,/p20/m1941,[אלהי בשם קדשך עתה עזרני],אברהם אבן עזרא,,https://wikidata.org/wiki/Q270670,,,Translation missing: he.poetry,
1942,/p20/m1942,[אם כח אבנים כחי],אברהם אבן עזרא,,https://wikidata.org/wiki/Q270670,,,Translation missing: he.poetry,
1943,/p170/m1943,אל ממרומו יקרא לעמו,משה אבן עזרא,,https://wikidata.org/wiki/Q719393,,,Translation missing: he.poetry,
1946,/p170/m1946,סוד אדני מכל נבצר,משה אבן עזרא,,https://wikidata.org/wiki/Q719393,,,Translation missing: he.poetry,
1948,/p170/m1948,דמעי יגרו מחם לבבי,משה אבן עזרא,,https://wikidata.org/wiki/Q719393,,,Translation missing: he.poetry,
1962,/p180/m1962,[הלנצח יעירני ולעד],שלמה אבן גבירול,,https://wikidata.org/wiki/Q239355,,,Translation missing: he.poetry,
1986,/p49/m1986,[אִישׁ לוֹ],שמואל הנגיד,,https://wikidata.org/wiki/Q467161,,,Translation missing: he.poetry,"מתוך ""כל שירי רבי שמואל הנגיד"", תל אביב: מחברות לספרות בסיוע מוסד הרב קוק, תש""ז–תשי""ג"
1987,/p49/m1987,סלח לי,שמואל הנגיד,,https://wikidata.org/wiki/Q467161,,,Translation missing: he.poetry,"מתוך ""כל שירי רבי שמואל הנגיד"", תל אביב: מחברות לספרות בסיוע מוסד הרב קוק, תש""ז–תשי""ג"
1988,/p49/m1988,חברים החפצים,שמואל הנגיד,,https://wikidata.org/wiki/Q467161,,,Translation missing: he.poetry,"מתוך ""כל שירי רבי שמואל הנגיד"", תל אביב: מחברות לספרות בסיוע מוסד הרב קוק, תש""ז–תשי""ג"
1989,/p49/m1989,אשר יעלץ,שמואל הנגיד,,https://wikidata.org/wiki/Q467161,,,Translation missing: he.poetry,"מתוך ""כל שירי רבי שמואל הנגיד"", תל אביב: מחברות לספרות בסיוע מוסד הרב קוק, תש""ז–תשי""ג"
1991,/p180/m1991,שבעה שחקים,שלמה אבן גבירול,,https://wikidata.org/wiki/Q239355,,,Translation missing: he.poetry,
1994,/p100/m1994,"אל עורך ""יהודה וירושלם""",יוסף יושעה ריבלין,,https://wikidata.org/wiki/Q12408033,,,Translation missing: he.letters,
2000,/p19/m2000,"בתי הכנסיות והמדרשות של כל העדות השונות, בירושלם ת""ו",אברהם משה לונץ,,https://wikidata.org/wiki/Q330415,,,Translation missing: he.article,ירושלים: אריאל
2004,/p79/m2004,מפרציו וְתִרְאֶה,יצחק אבן כלפון,,https://wikidata.org/wiki/Q7028939,,,Translation missing: he.poetry,
2007,/p20/m2007,[יחיד מרומם שוכן עליה],אברהם אבן עזרא,,https://wikidata.org/wiki/Q270670,,,Translation missing: he.poetry,
2010,/p170/m2010,[מִיקֹד מַעֲצָבִי],משה אבן עזרא,,https://wikidata.org/wiki/Q719393,,,Translation missing: he.poetry,
2026,/p223/m2026,ספר הכוזרי: מאמר שני,יהודה הלוי,יהודה אבן תיבון,https://wikidata.org/wiki/Q299200,https://wikidata.org/wiki/Q745336,ar,Translation missing: he.reference,ירושלים: שוקן
2027,/p264/m2027,[איה חכמינו ומוכיחנו],יצחק בר שֵׁשֶׁת בֶּרְפֶת,,https://wikidata.org/wiki/Q460650,,,Translation missing: he.poetry,
2040,/p161/m2040,[הֲיִתְנַכֵּר נְזִיר אַחִים לְאֶחָיו],יהודה הלוי,,https://wikidata.org/wiki/Q299200,,,Translation missing: he.poetry,
2050,/p49/m2050,[אִם יַעֲשִׁיר],שמואל הנגיד,,https://wikidata.org/wiki/Q467161,,,Translation missing: he.poetry,"מתוך ""כל שירי רבי שמואל הנגיד"", תל אביב: מחברות לספרות בסיוע מוסד הרב קוק, תש""ז–תשי""ג"
2051,/p49/m2051,[אִם אֵין לְחָכָם],שמואל הנגיד,,https://wikidata.org/wiki/Q467161,,,Translation missing: he.poetry,"מתוך ""כל שירי רבי שמואל הנגיד"", תל אביב: מחברות לספרות בסיוע מוסד הרב קוק, תש""ז–תשי""ג"
2052,/p49/m2052,[עֲשֵׂה חַיִל],שמואל הנגיד,,https://wikidata.org/wiki/Q467161,,,Translation missing: he.poetry,"מתוך ""כל שירי רבי שמואל הנגיד"", תל אביב: מחברות לספרות בסיוע מוסד הרב קוק, תש""ז–תשי""ג"
2053,/p49/m2053,נגלית ישרה,שמואל הנגיד,,https://wikidata.org/wiki/Q467161,,,Translation missing: he.poetry,"מתוך ""כל שירי רבי שמואל הנגיד"", תל אביב: מחברות לספרות בסיוע מוסד הרב קוק, תש""ז–תשי""ג"
2057,/p161/m2057,אדני נגדך כל תאותי,יהודה הלוי,,https://wikidata.org/wiki/Q299200,,,Translation missing: he.poetry,
2059,/p180/m2059,[לְאִטֵּךְ דַּבְּרִי],שלמה אבן גבירול,,https://wikidata.org/wiki/Q239355,,,Translation missing: he.poetry,
2072,/p20/m2072,[שחוק האישקאקי (השחמט)],אברהם אבן עזרא,,https://wikidata.org/wiki/Q270670,,,Translation missing: he.poetry,
2073,/p20/m2073,[אֶפֶס אֱמֶת בִּלְתְּךָ וְהַכֹּל לְךָ],אברהם אבן עזרא,,https://wikidata.org/wiki/Q270670,,,Translation missing: he.poetry,
2074,/p170/m2074,שני מכתמים על הנר,משה אבן עזרא,,https://wikidata.org/wiki/Q719393,,,Translation missing: he.poetry,
2078,/p170/m2078,החרשים שמעו מפי נוראות,משה אבן עזרא,,https://wikidata.org/wiki/Q719393,,,Translation missing: he.poetry,
2080,/p170/m2080,אלך עלי פני אלי עפרת ארמון,משה אבן עזרא,,https://wikidata.org/wiki/Q719393,,,Translation missing: he.poetry,
2091,/p146/m2091,אֲהַלֵּל לְמִי שְׁהוּא רָם עַל כָּל רָמִים,שלום שבזי,,,,,Translation missing: he.poetry,
2094,/p180/m2094,[ידידי סב],שלמה אבן גבירול,,https://wikidata.org/wiki/Q239355,,,Translation missing: he.poetry,
2104,/p49/m2104,אבא חסן,שמואל הנגיד,,https://wikidata.org/wiki/Q467161,,,Translation missing: he.poetry,"מתוך ""כל שירי רבי שמואל הנגיד"", תל אביב: מחברות לספרות בסיוע מוסד הרב קוק, תש""ז–תשי""ג"
2115,/p49/m2115,הֲרֵעֹתָה לְלִבָּךְ,שמואל הנגיד,,https://wikidata.org/wiki/Q467161,,,Translation missing: he.poetry,"מתוך ""כל שירי רבי שמואל הנגיד"", תל אביב: מחברות לספרות בסיוע מוסד הרב קוק, תש""ז–תשי""ג"
2116,/p49/m2116,העברת אמת,שמואל הנגיד,,https://wikidata.org/wiki/Q467161,,,Translation missing: he.poetry,"מתוך ""כל שירי רבי שמואל הנגיד"", תל אביב: מחברות לספרות בסיוע מוסד הרב קוק, תש""ז–תשי""ג"
2117,/p49/m2117,דותה בך,שמואל הנגיד,,https://wikidata.org/wiki/Q467161,,,Translation missing: he.poetry,"מתוך ""כל שירי רבי שמואל הנגיד"", תל אביב: מחברות לספרות בסיוע מוסד הרב קוק, תש""ז–תשי""ג"
2118,/p49/m2118,[אִם אֵין בְּךָ],שמואל הנגיד,,https://wikidata.org/wiki/Q467161,,,Translation missing: he.poetry,"מתוך ""כל שירי רבי שמואל הנגיד"", תל אביב: מחברות לספרות בסיוע מוסד הרב קוק, תש""ז–תשי""ג"
2124,/p180/m2124,שוכב עלי,שלמה אבן גבירול,,https://wikidata.org/wiki/Q239355,,,Translation missing: he.poetry,
2130,/p20/m2130,סליחה,אברהם אבן עזרא,,https://wikidata.org/wiki/Q270670,,,Translation missing: he.poetry,
2131,/p20/m2131,אִם אֶזְכְּרָה שִׁבְיִי,אברהם אבן עזרא,,https://wikidata.org/wiki/Q270670,,,Translation missing: he.poetry,
2132,/p170/m2132,[קַח-לָךְ מִזְרַק שֹׁהַם],משה אבן עזרא,,https://wikidata.org/wiki/Q719393,,,Translation missing: he.poetry,
2134,/p170/m2134,[ותפוח אמת אל לא בראו],משה אבן עזרא,,https://wikidata.org/wiki/Q719393,,,Translation missing: he.poetry,
2135,/p170/m2135,[נֶגַע קָשֶׁה פָּשָׂה בַלֵּב],משה אבן עזרא,,https://wikidata.org/wiki/Q719393,,,Translation missing: he.poetry,
2144,/p79/m2144,[הֱבִינוּנִי וְהַבַנְתִּי],יצחק אבן כלפון,,https://wikidata.org/wiki/Q7028939,,,Translation missing: he.poetry,
2178,/p49/m2178,[זְמַן בּוֹגֵד],שמואל הנגיד,,https://wikidata.org/wiki/Q467161,,,Translation missing: he.poetry,"מתוך ""כל שירי רבי שמואל הנגיד"", תל אביב: מחברות לספרות בסיוע מוסד הרב קוק, תש""ז–תשי""ג"
2179,/p49/m2179,ואומר מה תרועה,שמואל הנגיד,,https://wikidata.org/wiki/Q467161,,,Translation missing: he.poetry,"מתוך ""כל שירי רבי שמואל הנגיד"", תל אביב: מחברות לספרות בסיוע מוסד הרב קוק, תש""ז–תשי""ג"
2180,/p49/m2180,[אֹרֶךְ שְׁנֵי],שמואל הנגיד,,https://wikidata.org/wiki/Q467161,,,Translation missing: he.poetry,"מתוך ""כל שירי רבי שמואל הנגיד"", תל אביב: מחברות לספרות בסיוע מוסד הרב קוק, תש""ז–תשי""ג"
2182,/p100/m2182,חגיגה בירושלים לכבוד הכתרת הקיסר הרוסי,יוסף יושעה ריבלין,,https://wikidata.org/wiki/Q12408033,,,Translation missing: he.letters,
2187,/p180/m2187,שפל רוח,שלמה אבן גבירול,,https://wikidata.org/wiki/Q239355,,,Translation missing: he.poetry,
2199,/p20/m2199,[אני תמה יפת צמה],אברהם אבן עזרא,,https://wikidata.org/wiki/Q270670,,,Translation missing: he.poetry,
2202,/p170/m2202,נִלְאָה לְהֵילִיל עַל שִׁבְרֵנוּ,משה אבן עזרא,,https://wikidata.org/wiki/Q719393,,,Translation missing: he.poetry,
2209,/p49/m2209,מצולה את,שמואל הנגיד,,https://wikidata.org/wiki/Q467161,,,Translation missing: he.poetry,"מתוך ""כל שירי רבי שמואל הנגיד"", תל אביב: מחברות לספרות בסיוע מוסד הרב קוק, תש""ז–תשי""ג"
2214,/p146/m2214,לְדוֹד אֶשְׁאַל תְּשׁוּבוֹתָיו נְכוֹחִים,שלום שבזי,,,,,Translation missing: he.poetry,
2215,/p161/m2215,אָסִיר מִשְׁתַּחֲוֶה אֶרֶץ אַפָּיִם,יהודה הלוי,,https://wikidata.org/wiki/Q299200,,,Translation missing: he.poetry,
2239,/p49/m2239,דעה בלא,שמואל הנגיד,,https://wikidata.org/wiki/Q467161,,,Translation missing: he.poetry,"מתוך ""כל שירי רבי שמואל הנגיד"", תל אביב: מחברות לספרות בסיוע מוסד הרב קוק, תש""ז–תשי""ג"
2240,/p49/m2240,[הֱיֵה רֵעַ],שמואל הנגיד,,https://wikidata.org/wiki/Q467161,,,Translation missing: he.poetry,"מתוך ""כל שירי רבי שמואל הנגיד"", תל אביב: מחברות לספרות בסיוע מוסד הרב קוק, תש""ז–תשי""ג"
2241,/p49/m2241,אמת נעלה מלכי,שמואל הנגיד,,https://wikidata.org/wiki/Q467161,,,Translation missing: he.poetry,"מתוך ""כל שירי רבי שמואל הנגיד"", תל אביב: מחברות לספרות בסיוע מוסד הרב קוק, תש""ז–תשי""ג"
2242,/p49/m2242,[חֲכַם-לֵבָב אֲשֶׁר יוֹחִיר],שמואל הנגיד,,https://wikidata.org/wiki/Q467161,,,Translation missing: he.poetry,"מתוך ""כל שירי רבי שמואל הנגיד"", תל אביב: מחברות לספרות בסיוע מוסד הרב קוק, תש""ז–תשי""ג"
2245,/p161/m2245,[דוד מתקו מליו],יהודה הלוי,,https://wikidata.org/wiki/Q299200,,,Translation missing: he.poetry,
2259,/p20/m2259,אֶחָד בְּפִי גְדוּדוֹ,אברהם אבן עזרא,,https://wikidata.org/wiki/Q270670,,,Translation missing: he.poetry,
2260,/p20/m2260,על הים,אברהם אבן עזרא,,https://wikidata.org/wiki/Q270670,,,Translation missing: he.poetry,
2261,/p170/m2261,אֶעֱרֹךְ מִדְבְּרֵי דָתִי,משה אבן עזרא,,https://wikidata.org/wiki/Q719393,,,Translation missing: he.poetry,
2263,/p170/m2263,סֹב תֶּחֱזֶה יַיִן כְּמוֹ כַרְכֹּם,משה אבן עזרא,,https://wikidata.org/wiki/Q719393,,,Translation missing: he.poetry,
2264,/p170/m2264,[עֵינֵי סְלָעִים דָּֽמְעוּ דָמֹעַ],משה אבן עזרא,,https://wikidata.org/wiki/Q719393,,,Translation missing: he.poetry,
2278,/p180/m2278,[אל יגאלו],שלמה אבן גבירול,,https://wikidata.org/wiki/Q239355,,,Translation missing: he.poetry,
2289,/p49/m2289,הכימים בחרתם,שמואל הנגיד,,https://wikidata.org/wiki/Q467161,,,Translation missing: he.poetry,"מתוך ""כל שירי רבי שמואל הנגיד"", תל אביב: מחברות לספרות בסיוע מוסד הרב קוק, תש""ז–תשי""ג"
2297,/p49/m2297,הַעַל לְבָבֶךָ,שמואל הנגיד,,https://wikidata.org/wiki/Q467161,,,Translation missing: he.poetry,"מתוך ""כל שירי רבי שמואל הנגיד"", תל אביב: מחברות לספרות בסיוע מוסד הרב קוק, תש""ז–תשי""ג"
2298,/p49/m2298,דְּעֶה כִּי אַחֲרִית,שמואל הנגיד,,https://wikidata.org/wiki/Q467161,,,Translation missing: he.poetry,"מתוך ""כל שירי רבי שמואל הנגיד"", תל אביב: מחברות לספרות בסיוע מוסד הרב קוק, תש""ז–תשי""ג"
2299,/p49/m2299,הַרְצֶה בְּנֵי,שמואל הנגיד,,https://wikidata.org/wiki/Q467161,,,Translation missing: he.poetry,"מתוך ""כל שירי רבי שמואל הנגיד"", תל אביב: מחברות לספרות בסיוע מוסד הרב קוק, תש""ז–תשי""ג"
2300,/p49/m2300,[אִם אִישׁ],שמואל הנגיד,,https://wikidata.org/wiki/Q467161,,,Translation missing: he.poetry,"מתוך ""כל שירי רבי שמואל הנגיד"", תל אביב: מחברות לספרות בסיוע מוסד הרב קוק, תש""ז–תשי""ג"
2301,/p161/m2301,[זאת אל נחמן השר כתבו],יהודה הלוי,,https://wikidata.org/wiki/Q299200,,,Translation missing: he.poetry,
2302,/p180/m2302,אדם כרצפת,שלמה אבן גבירול,,https://wikidata.org/wiki/Q239355,,,Translation missing: he.poetry,
2309,/p100/m2309,פליטי רוסיה ורומניה והמיסיון בירושלים,יוסף יושעה ריבלין,,https://wikidata.org/wiki/Q12408033,,,Translation missing: he.article,
2319,/p20/m2319,הנה פני תבל,אברהם אבן עזרא,,https://wikidata.org/wiki/Q270670,,,Translation missing: he.poetry,
2322,/p170/m2322,צור אשר מנף גאלנו,משה אבן עזרא,,https://wikidata.org/wiki/Q719393,,,Translation missing: he.poetry,
2325,/p19/m2325,ראשון לציון וסיור הברון והברונה עדמנד די רוטשילד,אברהם משה לונץ,,https://wikidata.org/wiki/Q330415,,,Translation missing: he.article,ירושלים: אריאל
2327,/p79/m2327,"[יְדַעְתִּיךָ, וְלֹא עַל הַיְדִיעָה]",יצחק אבן כלפון,,https://wikidata.org/wiki/Q7028939,,,Translation missing: he.poetry,
2337,/p264/m2337,לשוד עירי גדול כים שברי,יצחק בר שֵׁשֶׁת בֶּרְפֶת,,https://wikidata.org/wiki/Q460650,,,Translation missing: he.poetry,
2355,/p161/m2355,אמת אשפט ואדינה בצדק,יהודה הלוי,,https://wikidata.org/wiki/Q299200,,,Translation missing: he.poetry,
2364,/p49/m2364,[וְאוֹמֵר בְּיָדִי],שמואל הנגיד,,https://wikidata.org/wiki/Q467161,,,Translation missing: he.poetry,"מתוך ""כל שירי רבי שמואל הנגיד"", תל אביב: מחברות לספרות בסיוע מוסד הרב קוק, תש""ז–תשי""ג"
2365,/p49/m2365,זכרה אשר,שמואל הנגיד,,https://wikidata.org/wiki/Q467161,,,Translation missing: he.poetry,"מתוך ""כל שירי רבי שמואל הנגיד"", תל אביב: מחברות לספרות בסיוע מוסד הרב קוק, תש""ז–תשי""ג"
2366,/p49/m2366,[הֲתֵשֵׁב לָךְ],שמואל הנגיד,,https://wikidata.org/wiki/Q467161,,,Translation missing: he.poetry,"מתוך ""כל שירי רבי שמואל הנגיד"", תל אביב: מחברות לספרות בסיוע מוסד הרב קוק, תש""ז–תשי""ג"
2367,/p49/m2367,זְרֹק עַל,שמואל הנגיד,,https://wikidata.org/wiki/Q467161,,,Translation missing: he.poetry,"מתוך ""כל שירי רבי שמואל הנגיד"", תל אביב: מחברות לספרות בסיוע מוסד הרב קוק, תש""ז–תשי""ג"
